{
 "Pretech Components": 0.9615231351531693,
 "Spare Ship Parts": 0.9526175536143532,
 "Propulsion Components": 0.990763158947339,
 "Hull Alloys": 0.9665852455177548,
 "Sensor Systems": 0.9248343222920092,
 "Ship Maintenance Equipment": 1.0572409654818653,
 "Circuit Boards": 1.084241145850143,
 "Power Cells": 1.0363621903930829,
 "Microactuators": 1.0519159618161766,
 "Quantum Chips": 0.9553732116293773,
 "Bearings & Bushings": 1.0372120844680315,
 "Structural Beams": 1.0807421889188025,
 "Fasteners": 1.0029234825927773,
 "Personal Electronics": 0.9864428909235456,
 "Fashion and Apparel": 1.0483400621114995,
 "Household Robotics": 1.0695412413005785,
 "Holo-vids and Simulations": 0.904356693032062,
 "Musical Instruments and Gear": 0.916625488090869,
 "Alien Biomass": 0.9192213943740374,
 "Rare Isotopes": 1.059645109317121,
 "Preserved Rations": 1.0187475552526126,
 "Fresh Produce": 0.950501398314689,
 "Bioengineered Fruits": 0.9474725708282756,
 "Food (Cultural Specialties)": 0.9267684142947199,
 "Food (Luxury Delicacies)": 0.9446462877543046,
 "Synthetic Proteins": 1.0000869059253863,
 "AI Cores": 0.9524505081419328,
 "Nanite Bots": 0.9776711804684787,
 "Cloaking Devices": 0.9756132619310496,
 "Cybernetic Implants": 1.0705382844376614,
 "Star Charts and Survey Data": 0.9786953607123496,
 "CourierNet SSD's": 0.9599279093019185,
 "Research Data and Blueprints": 1.0797392308354419,
 "Oxygen Canisters": 1.0527619805102826,
 "Water Recycling Units": 0.9192864476049775,
 "Temperature Control Systems": 1.0827711381478842,
 "Emergency Survival Gear": 1.0219488909902608,
 "Protein Livestock": 1.0528118879519495,
 "Pack Beasts": 1.096521248135714,
 "Companion Animals": 1.0867811212546046,
 "Hand Tools": 0.948041246800438,
 "Servo Motors": 1.0445683727316233,
 "Manual Power Generators": 0.9267208866521831,
 "Designer Clothing": 0.9989667191266076,
 "Jewelry": 1.0992704164893432,
 "Rare Spices": 0.9699128955382033,
 "Rare Beverages": 0.9058554508154988,
 "Rare Gems": 1.0832452264576347,
 "Unbraked AI Cores": 1.0903922488186983,
 "Common Medicine": 0.906411034299466,
 "Specialized Treatments": 1.0201303268765654,
 "Combat Stimulants": 1.0317125318993423,
 "Recreational Drugs": 1.0644104444876887,
 "Organ Replacements": 1.0237625762464866,
 "Small Arms & Ammunition": 1.0411568394262218,
 "Heavy Arms & Ammunition": 0.9832384259510916,
 "Powered Armor": 0.969921772768955,
 "ECM Generator": 1.0587384177845862,
 "Tactical Drones": 1.0546014532613017,
 "Ore (Unrefined)": 0.9625805486284338,
 "Ore (Rare)": 1.0965105448692871,
 "Polyceramics": 0.9918404722571398,
 "Timber and Plant Fiber": 0.9446483834084882,
 "Construction Equipment": 1.0871568561689569,
 "Precision Instruments": 0.9261693976705431,
 "Gravcar": 0.9839104809361698,
 "Gravtank": 1.0538046142662507,
 "Hoverbikes": 0.925752714967882
}